Asset,Weight
RELIANCE.NS,0.0671178466537785
HDFCBANK.NS,0.29999999999981075
INFY.NS,0.03288215334914011
TCS.NS,0.29999999999735555
ICICIBANK.NS,0.299999999999916
